{
    "name": "root",
    "gauges": {
        "TreasureSearch.Policy.Entropy.mean": {
            "value": 1.419487476348877,
            "min": 1.4143060445785522,
            "max": 1.4205952882766724,
            "count": 33
        },
        "TreasureSearch.Policy.Entropy.sum": {
            "value": 70916.171875,
            "min": 70480.734375,
            "max": 71451.03125,
            "count": 33
        },
        "TreasureSearch.Step.mean": {
            "value": 1649990.0,
            "min": 49979.0,
            "max": 1649990.0,
            "count": 33
        },
        "TreasureSearch.Step.sum": {
            "value": 1649990.0,
            "min": 49979.0,
            "max": 1649990.0,
            "count": 33
        },
        "TreasureSearch.Policy.ExtrinsicValueEstimate.mean": {
            "value": 0.6869226098060608,
            "min": -0.022854726761579514,
            "max": 0.6869226098060608,
            "count": 33
        },
        "TreasureSearch.Policy.ExtrinsicValueEstimate.sum": {
            "value": 600.370361328125,
            "min": -18.375200271606445,
            "max": 600.370361328125,
            "count": 33
        },
        "TreasureSearch.Environment.EpisodeLength.mean": {
            "value": 311.61146496815286,
            "min": 311.61146496815286,
            "max": 1847.892857142857,
            "count": 33
        },
        "TreasureSearch.Environment.EpisodeLength.sum": {
            "value": 48923.0,
            "min": 44374.0,
            "max": 55526.0,
            "count": 33
        },
        "TreasureSearch.Environment.CumulativeReward.mean": {
            "value": 16.560614133670416,
            "min": -0.5641896157884165,
            "max": 16.75911900357571,
            "count": 33
        },
        "TreasureSearch.Environment.CumulativeReward.sum": {
            "value": 2600.0164189862553,
            "min": -20.87501578417141,
            "max": 2669.9234403942246,
            "count": 33
        },
        "TreasureSearch.Policy.ExtrinsicReward.mean": {
            "value": 16.560614133670416,
            "min": -0.5641896157884165,
            "max": 16.75911900357571,
            "count": 33
        },
        "TreasureSearch.Policy.ExtrinsicReward.sum": {
            "value": 2600.0164189862553,
            "min": -20.87501578417141,
            "max": 2669.9234403942246,
            "count": 33
        },
        "TreasureSearch.IsTraining.mean": {
            "value": 1.0,
            "min": 1.0,
            "max": 1.0,
            "count": 33
        },
        "TreasureSearch.IsTraining.sum": {
            "value": 1.0,
            "min": 1.0,
            "max": 1.0,
            "count": 33
        },
        "TreasureSearch.Losses.PolicyLoss.mean": {
            "value": 0.012397804316909363,
            "min": 0.009225683061231393,
            "max": 0.014964747629467942,
            "count": 25
        },
        "TreasureSearch.Losses.PolicyLoss.sum": {
            "value": 0.012397804316909363,
            "min": 0.009225683061231393,
            "max": 0.014964747629467942,
            "count": 25
        },
        "TreasureSearch.Losses.ValueLoss.mean": {
            "value": 1.6783354704578717,
            "min": 0.0021276316765579395,
            "max": 2.0200671330094337,
            "count": 25
        },
        "TreasureSearch.Losses.ValueLoss.sum": {
            "value": 1.6783354704578717,
            "min": 0.0021276316765579395,
            "max": 2.0200671330094337,
            "count": 25
        },
        "TreasureSearch.Policy.LearningRate.mean": {
            "value": 8.360925639076001e-05,
            "min": 8.360925639076001e-05,
            "max": 9.934439065561e-05,
            "count": 25
        },
        "TreasureSearch.Policy.LearningRate.sum": {
            "value": 8.360925639076001e-05,
            "min": 8.360925639076001e-05,
            "max": 9.934439065561e-05,
            "count": 25
        },
        "TreasureSearch.Policy.Epsilon.mean": {
            "value": 0.18360924,
            "min": 0.18360924,
            "max": 0.19934439,
            "count": 25
        },
        "TreasureSearch.Policy.Epsilon.sum": {
            "value": 0.18360924,
            "min": 0.18360924,
            "max": 0.19934439,
            "count": 25
        },
        "TreasureSearch.Policy.Beta.mean": {
            "value": 0.004182101075999999,
            "min": 0.004182101075999999,
            "max": 0.004967285060999999,
            "count": 25
        },
        "TreasureSearch.Policy.Beta.sum": {
            "value": 0.004182101075999999,
            "min": 0.004182101075999999,
            "max": 0.004967285060999999,
            "count": 25
        }
    },
    "metadata": {
        "timer_format_version": "0.1.0",
        "start_time_seconds": "1733519073",
        "python_version": "3.7.16 (default, Jan 17 2023, 16:06:28) [MSC v.1916 64 bit (AMD64)]",
        "command_line_arguments": "C:\\Users\\Root\\anaconda3\\envs\\unity\\Scripts\\mlagents-learn TreasureSearch.yaml --run-id=b_treasure_test80_Th64_Lr1e-4Bs4096Bs65536_EndDistanceReward_0.1deltaXZ_5deltaY",
        "mlagents_version": "0.28.0",
        "mlagents_envs_version": "0.28.0",
        "communication_protocol_version": "1.5.0",
        "pytorch_version": "1.7.1+cu110",
        "numpy_version": "1.21.6",
        "end_time_seconds": "1733520663"
    },
    "total": 1588.9763819,
    "count": 1,
    "self": 10.00466449999999,
    "children": {
        "run_training.setup": {
            "total": 0.07548920000000003,
            "count": 1,
            "self": 0.07548920000000003
        },
        "TrainerController.start_learning": {
            "total": 1578.8962282,
            "count": 1,
            "self": 2.7438764000482934,
            "children": {
                "TrainerController._reset_env": {
                    "total": 19.980570800000002,
                    "count": 1,
                    "self": 19.980570800000002
                },
                "TrainerController.advance": {
                    "total": 1556.1100201999518,
                    "count": 189724,
                    "self": 1.4854208999720413,
                    "children": {
                        "env_step": {
                            "total": 1554.6245992999798,
                            "count": 189724,
                            "self": 1343.9657394999554,
                            "children": {
                                "SubprocessEnvManager._take_step": {
                                    "total": 209.13141670000897,
                                    "count": 189724,
                                    "self": 6.899596700027189,
                                    "children": {
                                        "TorchPolicy.evaluate": {
                                            "total": 202.23181999998178,
                                            "count": 187852,
                                            "self": 26.58869509997396,
                                            "children": {
                                                "TorchPolicy.sample_actions": {
                                                    "total": 175.64312490000782,
                                                    "count": 187852,
                                                    "self": 175.64312490000782
                                                }
                                            }
                                        }
                                    }
                                },
                                "workers": {
                                    "total": 1.5274431000154038,
                                    "count": 189723,
                                    "self": 0.0,