{"count":1,"self":5177.2166143999993,"total":15035.503639499999,"children":{"InitializeActuators":{"count":9,"self":0.0015247,"total":0.0015247,"children":null},"InitializeSensors":{"count":9,"self":0.0015187999999999998,"total":0.0015187999999999998,"children":null},"AgentSendState":{"count":3630584,"self":528.8583168,"total":631.7693038,"children":{"CollectObservations":{"count":6535053,"self":13.78116,"total":13.7811598,"children":null},"WriteActionMask":{"count":6535053,"self":3.2383726,"total":3.2383726,"children":null},"RequestDecision":{"count":6535053,"self":13.4374912,"total":85.8914696,"children":{"AgentInfo.ToProto":{"count":6535053,"self":12.5911048,"total":72.4539781,"children":{"GenerateSensorData":{"count":6535053,"self":44.2712064,"total":59.862873099999995,"children":{"RayPerceptionSensor.Perceive":{"count":6535053,"self":15.591665599999999,"total":15.5916657,"children":null}}}}}}}}},"DecideAction":{"count":3630584,"self":9096.2911231999988,"total":9096.2909163,"children":null},"AgentAct":{"count":3630584,"self":130.0503296,"total":130.2058135,"children":{"AgentInfo.ToProto":{"count":5877,"self":0.0256855,"total":0.15548869999999998,"children":{"GenerateSensorData":{"count":5877,"self":0.1098358,"total":0.1298032,"children":{"RayPerceptionSensor.Perceive":{"count":5877,"self":0.0199674,"total":0.0199674,"children":null}}}}}}},"AgentInfo.ToProto":{"count":667,"self":0.0055076,"total":0.0173835,"children":{"GenerateSensorData":{"count":667,"self":0.0093803999999999988,"total":0.0118759,"children":{"RayPerceptionSensor.Perceive":{"count":667,"self":0.0024955,"total":0.0024955,"children":null}}}}}},"gauges":{"parking.CumulativeReward":{"count":6544,"max":11.2637272,"min":-1.37654352,"runningAverage":5.94368458,"value":11.2381468,"weightedAverage":9.29805851}},"metadata":{"timer_format_version":"0.1.0","start_time_seconds":"1733879453","unity_version":"2022.3.39f1","command_line_arguments":"C:\\Program Files\\Unity\\Hub\\Editor\\2022.3.39f1\\Editor\\Unity.exe -projectpath C:\\Users\\ignat\\Documents\\GitHub\\octo-engine -useHub -hubIPC -cloudEnvironment production -licensingIpc LicenseClient-ignat -hubSessionId 06271dd3-768c-43c6-9173-2bbbe1196661 -accessToken wRfiIjfyndHvc6TgF8dxbCAo0MRBPAy98U_eGKmG_xs007f","communication_protocol_version":"1.5.0","com.unity.ml-agents_version":"2.0.1","scene_name":"SampleScene","end_time_seconds":"1733894489"}}