{"count":1,"self":2727.1573504,"total":7436.4407261,"children":{"InitializeActuators":{"count":9,"self":0.0014483999999999999,"total":0.0014483999999999999,"children":null},"InitializeSensors":{"count":9,"self":0.0020016,"total":0.0020016,"children":null},"AgentSendState":{"count":4137334,"self":439.262208,"total":526.898588,"children":{"CollectObservations":{"count":7447203,"self":10.7371144,"total":10.737114199999999,"children":null},"WriteActionMask":{"count":7447203,"self":2.6678604,"total":2.6678604999999997,"children":null},"RequestDecision":{"count":7447203,"self":12.8021744,"total":74.2314023,"children":{"AgentInfo.ToProto":{"count":7447203,"self":10.0747968,"total":61.4292282,"children":{"GenerateSensorData":{"count":7447203,"self":38.3757696,"total":51.3544316,"children":{"RayPerceptionSensor.Perceive":{"count":7447203,"self":12.9786624,"total":12.9786626,"children":null}}}}}}}}},"DecideAction":{"count":4137334,"self":4025.2145664,"total":4025.2144743,"children":null},"AgentAct":{"count":4137334,"self":154.5388672,"total":157.15678029999998,"children":{"AgentInfo.ToProto":{"count":217724,"self":0.57623879999999994,"total":2.6179099999999997,"children":{"GenerateSensorData":{"count":217724,"self":1.5756283,"total":2.0416711999999997,"children":{"RayPerceptionSensor.Perceive":{"count":217724,"self":0.4660429,"total":0.4660429,"children":null}}}}}}},"AgentInfo.ToProto":{"count":415,"self":0.0010004,"total":0.010012199999999999,"children":{"GenerateSensorData":{"count":415,"self":0.0080106999999999991,"total":0.0090118,"children":{"RayPerceptionSensor.Perceive":{"count":415,"self":0.0010011,"total":0.0010011,"children":null}}}}}},"gauges":{"TreasureSearch.CumulativeReward":{"count":218139,"max":21.1449146,"min":-1.96297073,"runningAverage":12.0400162,"value":12.14423,"weightedAverage":12.1401539}},"metadata":{"timer_format_version":"0.1.0","start_time_seconds":"1733456223","unity_version":"2022.3.39f1","command_line_arguments":"C:\\Program Files\\Unity\\Hub\\Editor\\2022.3.39f1\\Editor\\Unity.exe -projectpath C:\\Users\\Root\\Documents\\GitHub\\octo-engine -useHub -hubIPC -cloudEnvironment production -licensingIpc LicenseClient-Root -hubSessionId b637ef2e-eb2a-4863-ba8d-0afa705f382d -accessToken PpUGMQG3C4_TQNamScLIIIzWtpcajf_nLpgRHA0tLHE007f","communication_protocol_version":"1.5.0","com.unity.ml-agents_version":"2.0.1","scene_name":"SampleScene","end_time_seconds":"1733463659"}}