{"count":1,"self":2892.4356608,"total":6069.7557449999995,"children":{"InitializeActuators":{"count":3,"self":0.002508,"total":0.002508,"children":null},"InitializeSensors":{"count":3,"self":0.0035191,"total":0.0035191,"children":null},"AgentSendState":{"count":974617,"self":254.5886208,"total":296.5504165,"children":{"CollectObservations":{"count":584772,"self":5.9362688,"total":5.9362686,"children":null},"WriteActionMask":{"count":584772,"self":1.0964357,"total":1.0964357,"children":null},"RequestDecision":{"count":584772,"self":5.0699932,"total":34.9290989,"children":{"AgentInfo.ToProto":{"count":584772,"self":5.0410791999999995,"total":29.8591056,"children":{"GenerateSensorData":{"count":584772,"self":16.8019392,"total":24.8180266,"children":{"RayPerceptionSensor.Perceive":{"count":584772,"self":8.0160872,"total":8.0160869,"children":null}}}}}}}}},"DecideAction":{"count":974617,"self":2850.7172864,"total":2850.7173596,"children":null},"AgentAct":{"count":974617,"self":29.348732799999997,"total":29.372430299999998,"children":{"AgentInfo.ToProto":{"count":309,"self":0.0045352,"total":0.023698499999999997,"children":{"GenerateSensorData":{"count":309,"self":0.0145384,"total":0.019163299999999998,"children":{"RayPerceptionSensor.Perceive":{"count":309,"self":0.0046248999999999995,"total":0.0046248999999999995,"children":null}}}}}}},"AgentInfo.ToProto":{"count":7690,"self":0.1659409,"total":0.6705232,"children":{"GenerateSensorData":{"count":7690,"self":0.36759529999999996,"total":0.50458229999999993,"children":{"RayPerceptionSensor.Perceive":{"count":7690,"self":0.136987,"total":0.136987,"children":null}}}}}},"gauges":{"parking.CumulativeReward":{"count":7999,"max":163.6641,"min":-1639.77368,"runningAverage":-2.02970219,"value":-2.2874577,"weightedAverage":-0.597199261}},"metadata":{"timer_format_version":"0.1.0","start_time_seconds":"1733095916","unity_version":"2022.3.39f1","command_line_arguments":"C:\\Program Files\\Unity\\Hub\\Editor\\2022.3.39f1\\Editor\\Unity.exe -projectpath C:\\Users\\ignat\\Documents\\GitHub\\octo-engine -useHub -hubIPC -cloudEnvironment production -licensingIpc LicenseClient-ignat -hubSessionId 4a9f37f9-4aa4-455d-a526-de9e709e62af -accessToken MMhSDOjZIPs5L7btlktOG7tK2ia5a7S6jZ2UHcUcr7w007f","communication_protocol_version":"1.5.0","com.unity.ml-agents_version":"2.0.1","scene_name":"SampleScene","end_time_seconds":"1733101985"}}