{
    "name": "root",
    "gauges": {
        "TreasureSearch.Policy.Entropy.mean": {
            "value": 1.1473225355148315,
            "min": 1.1473225355148315,
            "max": 1.4189382791519165,
            "count": 516
        },
        "TreasureSearch.Policy.Entropy.sum": {
            "value": 11483.55078125,
            "min": 11464.734375,
            "max": 14209.248046875,
            "count": 516
        },
        "TreasureSearch.Step.mean": {
            "value": 5159993.0,
            "min": 9975.0,
            "max": 5159993.0,
            "count": 516
        },
        "TreasureSearch.Step.sum": {
            "value": 5159993.0,
            "min": 9975.0,
            "max": 5159993.0,
            "count": 516
        },
        "TreasureSearch.Policy.ExtrinsicValueEstimate.mean": {
            "value": 4.7188801765441895,
            "min": -0.19452707469463348,
            "max": 4.723740100860596,
            "count": 516
        },
        "TreasureSearch.Policy.ExtrinsicValueEstimate.sum": {
            "value": 2623.697265625,
            "min": -61.66508483886719,
            "max": 2626.3994140625,
            "count": 516
        },
        "TreasureSearch.Environment.EpisodeLength.mean": {
            "value": 17.00179856115108,
            "min": 17.0,
            "max": 1564.0,
            "count": 516
        },
        "TreasureSearch.Environment.EpisodeLength.sum": {
            "value": 9453.0,
            "min": 8227.0,
            "max": 11727.0,
            "count": 516
        },
        "TreasureSearch.Environment.CumulativeReward.mean": {
            "value": 9.901358902883187,
            "min": -30.556336034887604,
            "max": 9.901825090356775,
            "count": 516
        },
        "TreasureSearch.Environment.CumulativeReward.sum": {
            "value": 5505.155550003052,
            "min": -251.87419130373746,
            "max": 5505.323602676392,
            "count": 516
        },
        "TreasureSearch.Policy.ExtrinsicReward.mean": {
            "value": 9.901358902883187,
            "min": -30.556336034887604,
            "max": 9.901825090356775,
            "count": 516
        },
        "TreasureSearch.Policy.ExtrinsicReward.sum": {
            "value": 5505.155550003052,
            "min": -251.87419130373746,
            "max": 5505.323602676392,
            "count": 516
        },
        "TreasureSearch.IsTraining.mean": {
            "value": 1.0,
            "min": 1.0,
            "max": 1.0,
            "count": 516
        },
        "TreasureSearch.IsTraining.sum": {
            "value": 1.0,
            "min": 1.0,
            "max": 1.0,
            "count": 516
        },
        "TreasureSearch.Losses.PolicyLoss.mean": {
            "value": 0.016563887476675317,
            "min": 0.014435319595375203,
            "max": 0.022039756337310083,
            "count": 103
        },
        "TreasureSearch.Losses.PolicyLoss.sum": {
            "value": 0.016563887476675317,
            "min": 0.014435319595375203,
            "max": 0.022039756337310083,
            "count": 103
        },
        "TreasureSearch.Losses.ValueLoss.mean": {
            "value": 0.0014308624150645402,
            "min": 0.0011448214483809555,
            "max": 0.6123855296108458,
            "count": 103
        },
        "TreasureSearch.Losses.ValueLoss.sum": {
            "value": 0.0014308624150645402,
            "min": 0.0011448214483809555,
            "max": 0.6123855296108458,
            "count": 103
        },
        "TreasureSearch.Policy.LearningRate.mean": {
            "value": 4.848778151227e-05,
            "min": 4.848778151227e-05,
            "max": 9.949995050005002e-05,
            "count": 103
        },
        "TreasureSearch.Policy.LearningRate.sum": {
            "value": 4.848778151227e-05,
            "min": 4.848778151227e-05,
            "max": 9.949995050005002e-05,
            "count": 103
        },
        "TreasureSearch.Policy.Epsilon.mean": {
            "value": 0.14848773,
            "min": 0.14848773,
            "max": 0.19949995000000004,
            "count": 103
        },
        "TreasureSearch.Policy.Epsilon.sum": {
            "value": 0.14848773,
            "min": 0.14848773,
            "max": 0.19949995000000004,
            "count": 103
        },
        "TreasureSearch.Policy.Beta.mean": {
            "value": 0.0024295377270000004,
            "min": 0.0024295377270000004,
            "max": 0.004975047505,
            "count": 103
        },
        "TreasureSearch.Policy.Beta.sum": {
            "value": 0.0024295377270000004,
            "min": 0.0024295377270000004,
            "max": 0.004975047505,
            "count": 103
        }
    },
    "metadata": {
        "timer_format_version": "0.1.0",
        "start_time_seconds": "1733356564",
        "python_version": "3.7.16 (default, Jan 17 2023, 16:06:28) [MSC v.1916 64 bit (AMD64)]",
        "command_line_arguments": "C:\\Users\\Root\\anaconda3\\envs\\unity\\Scripts\\mlagents-learn TreasureSearch.yaml --run-id=b_treasure_test30",
        "mlagents_version": "0.28.0",
        "mlagents_envs_version": "0.28.0",
        "communication_protocol_version": "1.5.0",
        "pytorch_version": "1.7.1+cu110",
        "numpy_version": "1.21.6",
        "end_time_seconds": "1733377676"
    },
    "total": 21112.1436703,
    "count": 1,
    "self": 0.004212300002109259,
    "children": {
        "run_training.setup": {
            "total": 0.07571169999999994,
            "count": 1,
            "self": 0.07571169999999994
        },
        "TrainerController.start_learning": {
            "total": 21112.0637463,
            "count": 1,
            "self": 71.34487010331941,
            "children": {
                "TrainerController._reset_env": {
                    "total": 15.2403282,
                    "count": 1,
                    "self": 15.2403282
                },
                "TrainerController.advance": {
                    "total": 21025.42364939668,
                    "count": 5376257,
                    "self": 37.13574729695756,
                    "children": {
                        "env_step": {
                            "total": 20988.28790209972,
                            "count": 5376257,
                            "self": 18093.330679599527,
                            "children": {
                                "SubprocessEnvManager._take_step": {
                                    "total": 2856.848899999968,
                                    "count": 5376257,
                                    "self": 157.006985997863,
                                    "children": {
                                        "TorchPolicy.evaluate": {
                                            "total": 2699.841914002105,
                                            "count": 5163404,
                                            "self": 419.0632590011169,
                                            "children": {
                                                "TorchPolicy.sample_actions": {
                                                    "total": 2280.7786550009882,
                                                    "count": 5163404,
                                                    "self": 2280.7786550009882
                                                }
                                            }
                                        }
                                    }
                                },
                                "workers": {
                                    "total": 38.10832250022459,
                                    "count": 5376256,
                                    "self": 0.0,
                                    "children": {
                                        "worker_root": {
                                            "total": 20996.84404540286,